{
    "installed": {
        "client_id": "88250375837-t1jvhrdgt5d2bt06fs96fph1f9gjltt5.apps.googleusercontent.com",
        "project_id": "groovy-electron-478008-k6",
        "auth_uri": "https://accounts.google.com/o/oauth2/auth",
        "token_uri": "https://oauth2.googleapis.com/token",
        "auth_provider_x509_cert_url": "https://www.googleapis.com/oauth2/v1/certs",
        "client_secret": "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",
        "redirect_uris": [
            "http://localhost"
        ]
    }
}